year,paid_work_avg_time_hours,unpaid_work_avg_time_hours
2003,2.9,4.433333333
2004,2.966666667,4.466666667
2005,3,4.366666667
2006,3,4.266666667
2007,3.15,4.266666667
2008,2.983333333,4.183333333
2009,2.833333333,4.183333333
2010,2.933333333,4.083333333
2011,2.933333333,4.033333333
2012,2.95,4.016666667
2013,2.783333333,4.116666667
2014,2.95,4.1
2015,2.933333333,4.183333333
