year,paid_work_avg_time_hours,unpaid_work_avg_time_hours
2003,4.566666667,2.75
2004,4.416666667,2.716666667
2005,4.45,2.683333333
2006,4.533333333,2.616666667
2007,4.533333333,2.683333333
2008,4.533333333,2.583333333
2009,4.266666667,2.683333333
2010,4.083333333,2.7
2011,4.216666667,2.65
2012,4.166666667,2.516666667
2013,4.2,2.633333333
2014,4.283333333,2.6
2015,4.166666667,2.633333333
